{
  "IsEncrypted": false,
  "Values": {
    "FUNCTIONS_WORKER_RUNTIME": "node",
    "AzureWebJobsStorage": "UseDevelopmentStorage=true",
    "COSMOS_DB_ENDPOINT": "https://speedruncosmos.documents.azure.com:443/",
    "COSMOS_DB_KEY": "zOTtqC20JoFjV5oqag6uyYqGWogPdiA8lI548zE7rb1uQpWC953ewRQqma7Zfz8KvGoeklstSWSAACDbHzeoPQ",
    "BLOB_STORAGE_CONNECTION_STRING": "DefaultEndpointsProtocol=https;AccountName=speedrunsa;AccountKey=PLpgMpVXHjvwhbZDjameQ565eX/CYITHB9QfCRGUgzuA0O2EClQPb9DeI8sJQCBPYHpmpcfD1+c6+AStAMcYoA==;EndpointSuffix=core.windows.net"
  },
  "Host": {
    "CORS": "http://localhost:3000,https://nice-field-0178e0003.4.azurestaticapps.net",
    "CORSCredentials": true
  }
}